"t","x"
1,0.7
2,0.839979
3,0.537643676808044
4,0.994306956090126
5,0.0226419665803392
6,0.0885150187880631
7,0.322712372937024
8,0.874254532251787
9,0.439723187001474
10,0.985442186588382
11,0.0573820993328157
12,0.216352167096497
13,0.678158673165898
14,0.873016122754349
15,0.443424802764032
16,0.987172308306139
17,0.0506513017644697
18,0.192338181001398
19,0.621361286101373
20,0.941062225799459
21,0.22185090548001
22,0.690515061562716
23,0.854794674869886
24,0.49647054266202
25,0.999925172969304
26,0.000299278244301197
27,0.00119672478846706
28,0.00478105102372707
29,0.0190322944800849
30,0.0746783979810082
31,0.276399229270508
32,0.799990781047175
33,0.640006124593695
34,0.921570100476511
35,0.289107373671858
36,0.822076648211658
37,0.585051904043707
38,0.971040417856798
39,0.112480886888697
40,0.399305765000019
41,0.959418698083971
42,0.155733945957332
43,0.525910388047161
44,0.997289674299803
45,0.0108116490411996
46,0.0427779596691094
47,0.163787928542046
48,0.547832075879507
49,0.990823598858977
50,0.0363678699930092
51,0.140177487575921
52,0.482098985435338
53,0.998693246754855
54,0.00522005205984047
55,0.0207706931850205
56,0.0813550520313879
57,0.298938156520678
58,0.838275582973277
59,0.542264962893361
60,0.9928298702792
61,0.0284741639704511
62,0.110650777487944
63,0.393618890998738
64,0.954708370284681
65,0.172956867942397
66,0.572156854816836
67,0.979149073872938
68,0.0816626184103228
69,0.299967841275255
70,0.839927543190126
71,0.537783616596363
72,0.994264736027764
73,0.0228089126405454
74,0.089152435712191
75,0.324808995247207
76,0.877210516603642
77,0.430838133431838
78,0.98084202318761
79,0.0751619158525099
80,0.278043457771334
81,0.802921099918242
82,0.632939405016567
83,0.929285225663906
84,0.262850208687255
85,0.775020529923638
86,0.697437396111273
87,0.84405279661974
88,0.52649752978523
89,0.997166593873032
90,0.0113012292089575
91,0.0446929283581538
92,0.170777612504656
93,0.566436317025504
94,0.982320304498769
95,0.0694667587604737
96,0.258558048638332
97,0.766803965912268
98,0.715244693529563
99,0.814658520657267
100,0.603944962509583
101,0.956757859531049
102,0.165484893800684
103,0.552384764933469
104,0.98899862002782
105,0.043520310408588
106,0.166501009332813
107,0.555099815053549
108,0.987831345123221
109,0.0480811128032051
110,0.183072700647303
111,0.598213391991331
112,0.961392483121266
113,0.148464194379118
114,0.505677667208174
115,0.999846059603883
116,0.000615651402214783
117,0.00246102797502538
118,0.00981963976819445
119,0.0388918854506251
120,0.149513488856212
121,0.508624106104472
122,0.999677506613116
123,0.00128952530065986
124,0.00515132091439274
125,0.020498626750438
126,0.0803117243638317
127,0.295439618999029
128,0.832599386593898
129,0.557496654384647
130,0.986751869524816
131,0.0522891627946334
132,0.198215069494854
133,0.635687530294445
134,0.926332417600964
135,0.272955854743098
136,0.793783979322641
137,0.654747524876067
138,0.904190208858569
139,0.346512437223959
140,0.905743628135476
141,0.34147989569902
142,0.899463018991973
143,0.361708142901629
144,0.923478361504908
145,0.282657242740739
146,0.811028227255181
147,0.613030441257813
148,0.948872754984321
149,0.194048148006158
150,0.625558217699727
151,0.936917112358875
152,0.236407837368235
153,0.722058635279257
154,0.802739780995407
155,0.633378665148913
156,0.928817305719209
157,0.264456261691043
158,0.778057137459032
159,0.690719644809525
160,0.854482705733207
161,0.497355611143125
162,0.999947029529574
163,0.000211865361456218
164,0.000847260716051879
165,0.00338608680703712
166,0.013498147430567
167,0.0532624581912941
168,0.201697232397985
169,0.644045733818029
170,0.916980381192645
171,0.304501834065576
172,0.847100690418394
173,0.518071490733225
174,0.998668717548594
175,0.00531790760275029
176,0.0211579808831695
177,0.0828392118803948
178,0.303899909734034
179,0.84615786391526
180,0.520685915525173
181,0.998263414386252
182,0.006934106179629
183,0.0275434088020394
184,0.107136399257469
185,0.382623199027332
186,0.944867124105032
187,0.208367758237884
188,0.659786047195655
189,0.89785122964444
190,0.366848424841722
191,0.929059405065675
192,0.263625516896064
193,0.776489002239014
194,0.694197971180334
195,0.84912736324297
196,0.512427525931622
197,0.999357241841216
198,0.00256931584843299
199,0.0102506015865695
200,0.0405810924620563
201,0.15573317615983
202,0.525908267976604
203,0.997290113725645
204,0.010809900908662
205,0.0427711184993324
206,0.163762905511602
207,0.547764770698371
208,0.99084933486786
209,0.0362668151460706
210,0.139802637907599
211,0.481019415580668
212,0.998533985686661
213,0.00585531407497784
214,0.0232835353853076
215,0.0909633753198384
216,0.330747889777075
217,0.885392757368029
218,0.405879543030813
219,0.964541244185687
220,0.136802309658409
221,0.472337942178363
222,0.996914318747234
223,0.0123043316799068
224,0.0486105251137606
225,0.184985543093504
226,0.603048491170427
227,0.957500095769147
228,0.162770580118648
229,0.545091645834111
230,0.991842177229537
231,0.0323642816651662
232,0.125264208066362
233,0.438281387666853
234,0.984738632485394
235,0.0601123298589444
236,0.22598970074773
237,0.699655931779134
238,0.840529021870732
239,0.536146537056524
240,0.994748842092499
241,0.0208938106341993
242,0.0818269915195948
243,0.30051782678029
244,0.84080642958391
245,0.535390525119315
246,0.994965168176043
247,0.0200374282216154
248,0.078541755174547
249,0.289484554179807
250,0.822712419959795
251,0.583412190345372
252,0.972145321766499
253,0.108312472656521
254,0.386313865606114
255,0.948278143840016
256,0.196181918350823
257,0.630762523594729
258,0.931581359576309
259,0.25494374651205
260,0.759770735762537
261,0.730058407449078
262,0.78827280933506
263,0.667578459713548
264,0.887647647614156
265,0.398907232266716
266,0.959097031222866
267,0.156915740697812
268,0.529159534757173
269,0.996573971158828
270,0.013656823241091
271,0.0538799106487685
272,0.203902365822409
273,0.649288531518631
274,0.910828966134608
275,0.324870120383019
276,0.87729616810884
277,0.43057964136139
278,0.980698737144567
279,0.0757130035580648
280,0.27991518054666
281,0.806230532717538
282,0.624875821040047
283,0.937600676675364
284,0.234016740528276
285,0.716993697432622
286,0.81163464972455
287,0.611520091979718
288,0.950229320012432
289,0.189169508248631
290,0.613522283149868
291,0.948427053644642
292,0.195647818920586
293,0.629463262513827
294,0.932933730710738
295,0.250267282413048
296,0.750515515709567
297,0.74894918135744
298,0.752078417975332
299,0.745807239117097
300,0.758296246910402
301,0.73311386702312
302,0.782612134213608
303,0.680504513342759
304,0.869650740839509
305,0.453421983354229
306,0.991297170412549
307,0.0345074986694586
308,0.133263593147023
309,0.462006081113483
310,0.994200992864366
311,0.0230609380696337
312,0.0901142719068085
313,0.327966560253066
314,0.881595941985792
315,0.417527709786199
316,0.972768965555427
317,0.105955371880083
318,0.378905851316241
319,0.941321294997508
320,0.220936534775433
321,0.68847711714919
322,0.85788405760689
323,0.487663813343181
324,0.999366289213223
325,0.00253317345874442
326,0.0101067732882403
327,0.0400175052251193
328,0.153660576392257
329,0.52018300971986
330,0.99834562520998
331,0.00660638617251254
332,0.0262503110628253
333,0.102242372804498
334,0.367146301144214
335,0.929376343811875
336,0.26253725790345
337,0.774426423319338
338,0.698743083722803
339,0.841983696570737
340,0.532175300404128
341,0.995834103700612
342,0.0165937515754819
343,0.0652719640966338
344,0.244040038044926
345,0.737919543054041
346,0.773557824702722
347,0.700646949564006
348,0.838942232442474
349,0.54045914045134
350,0.993427395509959
351,0.0261169685004968
352,0.101736946340118
353,0.365537021704014
354,0.927655637900346
355,0.268435910422655
356,0.78549265186562
357,0.673958933528371
358,0.878931183953742
359,0.425633990193877
360,0.977854339372404
361,0.0866187558488184
362,0.316455876341386
363,0.865224587526099
364,0.466432341565496
365,0.995467961907667
366,0.0180455437423771
367,0.070877836383467
368,0.263410089355393
369,0.776081454203288
370,0.695098744676926
371,0.847724725653969
372,0.516337151923972
373,0.998907416558306
374,0.00436544967349941
375,0.0173851354513379
376,0.0683298617774546
377,0.254637200978538
378,0.759169407715728
379,0.731306589295304
380,0.785969397268118
381,0.672869193154054
382,0.88044295660886
383,0.421042100751159
384,0.975038224019825
385,0.0973523090117907
386,0.35149056028376
387,0.911756990766042
388,0.321816676603119
389,0.872980987982643
390,0.443529641895705
391,0.987219713512425
392,0.0504665413644039
393,0.191673886301518
394,0.619724536945603
395,0.942640574409119
396,0.216271880614873
397,0.677976467245289
398,0.873275675989835
399,0.442650012330355
400,0.986819244559275
401,0.0520267918046347
402,0.197275086956134
403,0.633414672327632
404,0.928778880778321
405,0.264588070726821
406,0.778305436101164
407,0.69016708233774
408,0.855324539532525
409,0.494965511976837
410,0.999873618255985
411,0.00050545045010072
412,0.00202072936027586
413,0.00806638238791219
414,0.0320044633207504
415,0.12391761257544
416,0.434237295272385
417,0.982676499140967
418,0.0680918863683618
419,0.253815179978502
420,0.757553198260491
421,0.734647033628163
422,0.779743584361055
423,0.686956933682617
424,0.860166915081479
425,0.481107145143433
426,0.998547275835471
427,0.00580230996674666
428,0.0230739957988692
429,0.0901640919083202
430,0.328129910301829
431,0.881820643001344
432,0.416841565012504
433,0.972314390294252
434,0.107673774972202
435,0.384310924608436
436,0.946440489736397
437,0.202758487406792
438,0.646573768016888
439,0.914041670504273
440,0.314270123394617
441,0.861996101303303
442,0.475823394682571
443,0.997637025472125
444,0.00942932777793292
445,0.0373607281808013
446,0.143856020191989
447,0.49263354643948
448,0.999757946874227
449,0.000967953944777254
450,0.00386797133805118
451,0.0154116552421032
452,0.0606950270855945
453,0.228038861976617
454,0.704130953906164
455,0.833301381574072
456,0.555626865144356
457,0.987597916931659
458,0.0489918607884866
459,0.186361974294036
460,0.606509592206178
461,0.954598961501618
462,0.173354802828181
463,0.573197330366819
464,0.9785441390936
465,0.083979928205965
466,0.307701506727958
467,0.852063855812261
468,0.504191560618272
469,0.999904725035252
470,0.000381054023129553
471,0.00152359719296194
472,0.00608495125063771
473,0.0241910936831984
474,0.0944211780899695
475,0.342014726290365
476,0.900140109098238
477,0.359542583574091
478,0.921063829512418
479,0.290813735380201
480,0.824943802666992
481,0.577631659280749
482,0.975868904576723
483,0.0941927877492321
484,0.341273493890392
485,0.899201104443321
486,0.36254484899711
487,0.924401215242945
488,0.279527445640396
489,0.805547271911328
490,0.626547794423716
491,0.935919224340399
492,0.239891721958875
493,0.729356500409553
494,0.789562643319959
495,0.664597287026674
496,0.891608641640525
497,0.386561022902673
498,0.948502680740601
499,0.195376496939443
500,0.62880236508032
501,0.933616462003789
502,0.24790085784088
503,0.74576544548829
504,0.758378423281189
505,0.732944037471869
506,0.782928727917678
507,0.679788344542047
508,0.870682837052204
509,0.450365677836286
510,0.990120982609988
511,0.0391247114794373
512,0.150372114327509
513,0.511028590206579
514,0.999488492955201
515,0.00204493049682603
516,0.00816279094948113
517,0.0323838295576054
518,0.125337335051444
519,0.438500587185834
520,0.984846667111828
521,0.0596933451912682
522,0.224514585919604
523,0.696413735737148
524,0.84566543549067
525,0.522048575287512
526,0.998030489925131
527,0.00786232785662638
528,0.0312012665780395
529,0.120907967393108
530,0.425146294332819
531,0.97756325129929
532,0.0877311706997056
533,0.32012964610822
534,0.870564858497804
535,0.450715474417445
536,0.990259385048856
537,0.0385819769125334
538,0.14836992253942
539,0.505412518871402
540,0.999857821487403
541,0.000568618975640933
542,0.00227312576284108
543,0.00907160785256336
544,0.0359563562027523
545,0.138650520255827
546,0.477694271299114
547,0.997984867623043
548,0.00804408536667839
549,0.0319167142913622
550,0.123589060757059
551,0.433248387792506
552,0.982152334648575
553,0.0701147518590966
554,0.260788173855993
555,0.771091531161174
556,0.706019875992589
557,0.830202487202924
558,0.563851173148266
559,0.983667518447592
560,0.0642613198218343
561,0.240521197206101
562,0.73066473652749
563,0.787155437912883
564,0.670150263732794
565,0.884173446117867
566,0.409632812115359
567,0.967310902038152
568,0.12647892129307
569,0.441916966846069
570,0.986480782402431
571,0.0533444597676378
572,0.201990263636109
573,0.644744669109593
574,0.916173018159342
575,0.307192395822682
576,0.851279628562833
577,0.506397829964777
578,0.99981127518019
579,0.000754737942089382
580,0.00301659783408134
581,0.0120296911365579
582,0.0475387221731007
583,0.181110640389791
584,0.593223474351931
585,0.965213404380637
586,0.134302595889475
587,0.46505000796643
588,0.995089114377608
589,0.0195465866223013
590,0.0766561538431154
591,0.283112873685592
592,0.811819601758868
593,0.611058866982168
594,0.950639945665742
595,0.18768986511757
596,0.609834272360908
597,0.951721936816538
598,0.183784572465684
599,0.600016212776819
600,0.95996302905141
601,0.153732204222217
602,0.520381444567423
603,0.998313428409709
604,0.00673473989354222
605,0.026756863750117
606,0.104161131876099
607,0.373237030770509
608,0.935701205413529
609,0.240651821958831
610,0.73093581633465
611,0.786654928070521
612,0.671299025956316
613,0.8826045091613
614,0.414444796898807
615,0.970696960858532
616,0.113774639717061
617,0.403309801300148
618,0.962579956800985
619,0.144075532285638
620,0.493258761351663
621,0.999793227350374
622,0.000826898905798165
623,0.00330477795447662
624,0.0131750962029532
625,0.0520047520206801
626,0.197196101126012
627,0.633223364326964
628,0.928982915636101
629,0.263888035003592
630,0.776985134828141
631,0.693099612413438
632,0.850828887489151
633,0.507663674903329
634,0.999740078221096
635,0.00103939089287075
636,0.00415313840671433
637,0.0165431458033712
638,0.0650762535741854
639,0.243359255046256
640,0.736523698565545
641,0.776206754413498
642,0.694821944282564
643,0.848156435662844
644,0.515135506516546
645,0.999058688678306
646,0.00376160697623293
647,0.0149894544110282
648,0.059057606192885
649,0.22227366439407
650,0.691455043235358
651,0.853358531182346
652,0.500538479987775
653,0.999973840186207
654,0.000104633901915414
655,0.000418481352352568
656,0.00167318307221863
657,0.00668136708414884
658,0.0265462419995009
659,0.103363571986916
660,0.370708907937689
661,0.933111925671989
662,0.249649997956822
663,0.749280773420275
664,0.751417598102357
665,0.74713808653863
666,0.755672172451481
667,0.738508497761737
668,0.772435474612108
669,0.703098070800285
670,0.834983819431445
671,0.551129584292412
672,0.98951832386378
673,0.0414862052253226
674,0.1590564234953
675,0.535016534812971
676,0.995070491774539
677,0.0196203421756471
678,0.0769396138557955
679,0.284072536711099
680,0.813480984857421
681,0.606903515564072
682,0.954262696276333
683,0.174577246546746
684,0.576385716136458
685,0.976636472959045
686,0.0912684088133822
687,0.331745651615586
688,0.886739727951519
689,0.401719488057657
690,0.961339729795306
691,0.148658898284204
692,0.506225065037497
693,0.999819998136259
694,0.000719859855333481
695,0.00287729469432293
696,0.0114757765766728
697,0.0453751981062277
698,0.173260826383243
699,0.572951725545712
700,0.978687715155038
701,0.0834301996314589
702,0.305870758723513
703,0.849234119341894
704,0.512129315996977
705,0.999386533485812
706,0.00245229938307693
707,0.00978489781468969
708,0.0387556454424242
709,0.149010856190522
710,0.507213803049466
711,0.999766849386149
712,0.000932361708941745
713,0.00372587649310072
714,0.0148476061504018
715,0.0585071562525431
716,0.220330767272242
717,0.687123302549843
718,0.859917980084396
719,0.481824144543113
720,0.998653586149814
721,0.00537826961961976
722,0.0213968404076902
723,0.0837539686114693
724,0.306949291489058
725,0.850904422631299
726,0.507451658102562
727,0.999752896718811
728,0.000988144180407758
729,0.00394857228917079
730,0.0157315309660853
731,0.0619346511932037
732,0.232389190824102
733,0.713519980803403
734,0.817616430269077
735,0.596464300912191
736,0.962754485134224
737,0.143429560123989
738,0.49141779987437
739,0.99968039072943
740,0.00127799653122354
741,0.00510532538803328
742,0.0203165362367583
743,0.0796131079909358
744,0.293092116621735
745,0.828735792270925
746,0.56771692224214
747,0.981633132326364
748,0.0721163004293971
749,0.267655467013132
750,0.784044470362657
751,0.677258023551705
752,0.874296514386865
753,0.439597487059442
754,0.98538151056822
755,0.0576177163151332
756,0.21718623053554
757,0.680048485568033
758,0.870308413124347
759,0.451475429509396
760,0.990556699698204
761,0.0374155621123874
762,0.144058949733024
763,0.493211544342494
764,0.999790672087457
765,0.000837115449061887
766,0.00334557510567864
767,0.0133371954933403
768,0.05263594290738
769,0.199456615146482
770,0.638678727915778
771,0.923049764873604
772,0.284108482871909
773,0.813543072243242
774,0.606747798318893
775,0.954395769725521
776,0.174093585373761
777,0.57512565712099
778,0.977400106954993
779,0.0883543426036553
780,0.32218335620165
781,0.873503126629044
782,0.441970608051874
783,0.986505695421556
784,0.0532475020687215
785,0.201643781148093
786,0.643918168332904
787,0.917127314538725
788,0.304011613382498
789,0.846333050389043
790,0.52020066749106
791,0.998342772938359
792,0.00661775719236202
793,0.0262951925321716
794,0.102412461151932
795,0.36768740339605
796,0.929950257782004
797,0.260564589055171
798,0.770663468874326
799,0.706947472339006
800,0.828670257495616
801,0.567889249764879
802,0.981539659960471
803,0.0724764115850278
804,0.268887603037007
805,0.786328581174083
806,0.672046972816987
807,0.881577316594129
808,0.417584565968148
809,0.972806464163742
810,0.105813544375175
811,0.37845869110393
812,0.940887318156297
813,0.222467928918523
814,0.691886500489952
815,0.852696965761786
816,0.502406840884683
817,0.999951829047112
818,0.000192669712927742
819,0.000770511101978718
820,0.00307959266674032
821,0.0122801280921115
822,0.0485160932519569
823,0.184644511561902
824,0.602188608556285
825,0.958205997376494
826,0.160185051146454
827,0.538089749562593
828,0.994171828995938
829,0.0231762342868953
830,0.0905541218950517
831,0.329408056204181
832,0.883571465008985
833,0.411481437630321
834,0.968633640017609
835,0.12152700752424
836,0.427022100046378
837,0.978672437050824
838,0.0834887047614974
839,0.306065711920886
840,0.849536728679798
841,0.511283518807772
842,0.999465741545038
843,0.00213583869415768
844,0.00852489442123214
845,0.0338080371632963
846,0.130656948640467
847,0.454331483078677
848,0.991632754810171
849,0.033188107867609
850,0.128343420789371
851,0.447474361379101
852,0.988939505044138
853,0.0437515478127315
854,0.167345215771899
855,0.55734924404117
856,0.986819585725204
857,0.0520254631482663
858,0.197270325448465
859,0.633403141109273
860,0.928791187408524
861,0.264545856591394
862,0.778225929272243
863,0.69034407008916
864,0.855055163014074
865,0.495730931285076
866,0.999902102031724
867,0.000391543748218027
868,0.00156552262780086
869,0.00625213075963415
870,0.0248515451782323
871,0.0969333601273582
872,0.35014038155873
873,0.910145624833072
874,0.327114087664513
875,0.880419834217574
876,0.421112470860522
877,0.975082653309297
878,0.0971834604511391
879,0.350946567979977
880,0.91110951930477
881,0.323947753651691
882,0.876000525662202
883,0.434483556446522
884,0.982805811736853
885,0.0675925027576585
886,0.252088722938825
887,0.754141140823719
888,0.741630580935221
889,0.766439487961395
890,0.716022096019553
891,0.813317482679872
892,0.607313436973087
893,0.953911456597469
894,0.1758531618393
895,0.579700816358954
896,0.974566754708878
897,0.0991431026608007
898,0.357246060047577
899,0.918462288380977
900,0.299549763880503
901,0.839257829388267
902,0.539603010382525
903,0.993701563114409
904,0.0250344404368976
905,0.0976284281439131
906,0.352379662936431
907,0.912810123517345
908,0.318343248906186
909,0.867981599045682
910,0.458346712100855
911,0.993035187928403
912,0.0276645222272711
913,0.107594095829188
914,0.384060823726913
915,0.946208773809731
916,0.203585830927847
917,0.648538347629022
918,0.911722643498631
919,0.321929810875513
920,0.873142201879904
921,0.443048512215151
922,0.987001436503565
923,0.0513171204137728
924,0.194729825897488
925,0.627224802201607
926,0.935232017434077
927,0.242286306691953
928,0.734316250760875
929,0.780364068928004
930,0.685566815817647
931,0.86223827097351
932,0.475121861824982
933,0.997499374855955
934,0.0099772386345351
935,0.0395097856057242
936,0.151791254912211
937,0.514989804310564
938,0.999076245536347
939,0.00369151227526052
940,0.0147111722610272
941,0.0579775652115673
942,0.218459206958109
943,0.682922053935186
944,0.866136434784313
945,0.463764850082619
946,0.994723186940469
947,0.0209953483170344
948,0.0822161192099566
949,0.301818970145148
950,0.84287604519474
951,0.529730826924694
952,0.996439400113702
953,0.0141913332667874
954,0.055958358313661
955,0.211302799091959
956,0.66659903935883
957,0.888956815862852
958,0.394840510315786
959,0.95574203276925
960,0.169192568349452
961,0.562251716014755
962,0.984474282940488
963,0.061137148210283
964,0.229591849336256
965,0.707500040275249
966,0.827754238769751
967,0.570294378157947
968,0.98021029572751
969,0.0775903477020012
970,0.28627318557337
971,0.8172629630953
972,0.597361914570735
973,0.962058578298724
974,0.146003830695225
975,0.49873437979897
976,0.999968592982206
977,0.000125620984968127
978,0.000502408256824617
979,0.00200857315548809
980,0.00801795470358962
981,0.0318138730571326
982,0.123203921977895
983,0.432088059877081
984,0.981527334758125
985,0.072523890380357
986,0.269049976400249
987,0.786628680188438
988,0.671359214373766
989,0.882522014994858
990,0.414697264486291
991,0.970869500911182
992,0.113124824255308
993,0.401300360810216
994,0.961009499057103
995,0.149877220092297
996,0.509643414554909
997,0.999603027522433
998,0.00158721988018666
999,0.00633864398289307
1000,0.0251932324548473
1001,0.0982316781199438
1002,0.354320003913181
1003,0.915086477226703
1004,0.310805095372459
1005,0.856799731723097
1006,0.490763536374161
1007,0.99963375948998
1008,0.001464388900997
1009,0.00584883164012793
1010,0.0232579097720126
1011,0.0908656459222577
1012,0.330428060345523
1013,0.884959304591545
1014,0.407215154600195
1015,0.965539750759291
1016,0.133087634577863
1017,0.46148972686972
1018,0.994042983757839
1019,0.0236855286455885
1020,0.0924957850610322
1021,0.335752865196422
1022,0.89206921254739
1023,0.385117302116622
1024,0.947184182711573
1025,0.200100224299655
1026,0.640224492127078
1027,0.921325333521632
1028,0.28993260483521
1029,0.823466170785772
1030,0.581464008465124
1031,0.973430124937644
1032,0.103453080814427
1033,0.370992888483635
1034,0.933405324996299
1035,0.248633081076984
1036,0.747240006817392
1037,0.755470628877842
1038,0.738920557647262
1039,0.771648576837371
1040,0.704810582103853
1041,0.832189696570578
1042,0.55858605696884
1043,0.986246038947982
1044,0.0542578019506282
1045,0.205250440123171
1046,0.652474475539966
1047,0.906983462081818
1048,0.337449409921429
1049,0.894286864929867
1050,0.378142018788292
1051,0.940579014596787
1052,0.223554938574509
1053,0.694295154241024
1054,0.848976347214523
1055,0.512849214788326
1056,0.999314607227526
1057,0.00273962354458543
1058,0.0109281988178768
1059,0.0432340122765661
1060,0.165455193352897
1061,0.552305281404576
1062,0.989031903732998
1063,0.0433901037454043
1064,0.166025459829205
1065,0.553830179970173
1066,0.988384536666343
1067,0.0459210293263724
1068,0.175244772339076
1069,0.578121715023395
1070,0.975563600867449
1071,0.095354662193788
1072,0.345039976151727
1073,0.90392696529667
1074,0.347363342524221
1075,0.906785532973407
1076,0.338093668101149
1077,0.895122980130268
1078,0.375501934508847
1079,0.937977476732673
1080,0.232697101926535
1081,0.714178787810038
1082,0.816489374664205
1083,0.599322919451068
1084,0.960515817191099
1085,0.151696935949045
1086,0.514727033793307
1087,0.999107479591156
1088,0.00356680609227543
1089,0.0142159805379035
1090,0.0560541443523543
1091,0.211643017805393
1092,0.667384318253395
1093,0.887907761762384
1094,0.398100320701154
1095,0.958441859789634
1096,0.159320261664368
1097,0.535735869818674
1098,0.99486691813845
1099,0.0204264226552757
1100,0.0800347347327436
1101,0.294509340958415
1102,0.831073578827715
1103,0.561547102580294
1104,0.984823195460467
1105,0.0597843819270936
1106,0.224835217397796
1107,0.697119941227685
1108,0.8445538007087
1109,0.525117585400917
1110,0.99745149070382
1111,0.010167803384749
1112,0.0402566701943966
1113,0.154540419189955
1114,0.522617646338389
1115,0.997928819452239
1116,0.00826735634652334
1117,0.0327952087615352
1118,0.126875560206986
1119,0.443101531901354
1120,0.987025581055677
1121,0.0512230529811825
1122,0.194392147372696
1123,0.62639970126607
1124,0.936069059767841
1125,0.239369116075252
1126,0.728267962224184
1127,0.791555160314332
1128,0.659965854417488
1129,0.89762126058939
1130,0.367580142775904
1131,0.929836679152858
1132,0.260955192976445
1133,0.771411035182262
1134,0.705326566320173
1135,0.831343220552554
1136,0.560832659608427
1137,0.985172920161109
1138,0.058427489445616
1139,0.220049370319001
1140,0.686493417000356
1141,0.860859299641584
1142,0.479110285392155
1143,0.998229522932429
1144,0.00706919317985095
1145,0.0280761768285788
1146,0.109148891702564
1147,0.388931921029551
1148,0.950631760947073
1149,0.187719371001358
1150,0.609907986927975
1151,0.95165714561432
1152,0.184018690679819
1153,0.600608233060001
1154,0.959487945963834
1155,0.155479422972996
1156,0.525209157462721
1157,0.997433057070241
1158,0.0102411588996445
1159,0.0405440966283907
1160,0.155597201400628
1161,0.52553371059645
1162,0.997367183689745
1163,0.0105032757656684
1164,0.0415707885597385
1165,0.15936664812723
1166,0.535862281475728
1167,0.994830715679746
1168,0.0205697370231999
1169,0.080584477105691
1170,0.296355067559258
1171,0.834094113090673
1172,0.553510656280266
1173,0.988521724996855
1174,0.0453849621719699
1175,0.173296337005737
1176,0.573044539872866
1177,0.978633514329526
1178,0.0836377448463739
1179,0.306562225686299
1180,0.850306051691499
1181,0.509129952026236
1182,0.999641584239597
1183,0.00143311336545367
1184,0.00572409510018654
1185,0.0227647502088987
1186,0.0889838407756649
1187,0.324254760854219
1188,0.876432532309276
1189,0.43318336462204
1190,0.982117595393352
1191,0.0702487405861091
1192,0.261248888743195
1193,0.771972327703876
1194,0.704106608748045
1195,0.833341135012264
1196,0.555520862466172
1197,0.987645043580666
1198,0.0488080256536927
1199,0.185698566561696
1200,0.604843314293616
1201,0.956007617003775
1202,0.16822400723283
1203,0.559684770024372
1204,0.985726269135728
1205,0.0562785588867972
1206,0.21243981965742
1207,0.669219839811104
1208,0.885436446792636
1209,0.405744838060922
1210,0.964439746194908
1211,0.137179459045423
1212,0.473433184120206
1213,0.997151887755607
1214,0.0113597180040942
1215,0.0449215761763656
1216,0.171610222317969
1217,0.568626399640395
1218,0.98113714004786
1219,0.0740263591610171
1220,0.274178974595794
1221,0.795999557455123
1222,0.649520809519288
1223,0.910551345730036
1224,0.325782225317775
1225,0.878570703122396
1226,0.426726222527386
1227,0.978499351044222
1228,0.0841513803639297
1229,0.308271995194545
1230,0.85294016465606
1231,0.501720417366194
1232,0.999963160952328
1233,0.000147347078457386
1234,0.000589286736646693
1235,0.00235569901720704
1236,0.00940036378241956
1237,0.0372470565730166
1238,0.143435267427317
1239,0.491434079782337
1240,0.999681507380797
1241,0.00127353288749822
1242,0.00508751681483055
1243,0.0202460297865587
1244,0.0793425286449556
1245,0.292181862443541
1246,0.827225805648088
1247,0.571678796144628
1248,0.979424114518009
1249,0.0806080584226491
1250,0.296434186319986
1251,0.834222981907225
1252,0.553166163960335
1253,0.98866871870307
1254,0.0448104131560639
1255,0.171205479871384
1256,0.56756246471722
1257,0.981716709914002
1258,0.0717942506573799
1259,0.266552680936078
1260,0.781989846652547
1261,0.681909857366853
1262,0.867613524290706
1263,0.459429701004591
1264,0.993391367952609
1265,0.0262591756236117
1266,0.102275968313588
1267,0.367253196916962
1268,0.929489907256306
1269,0.262147124417923
1270,0.77368469570839
1271,0.70036923967129
1272,0.839387685957417
1273,0.539250512882017
1274,0.993812743014271
1275,0.0245952844494037
1276,0.0959590266933833
1277,0.346994892468579
1278,0.906335089333486
1279,0.339558691525875
1280,0.89701192028179
1281,0.369516902463148
1282,0.931873347612628
1283,0.253935297946285
1284,0.757789704396627
1285,0.734159518781569
1286,0.78065776212396
1287,0.684907759116227
1288,0.8632149015624
1289,0.472287933638537
1290,0.996903242307774
1291,0.0123483624193088
1292,0.0487823018714444
1293,0.185605715323381
1294,0.604609819427333
1295,0.956203237038955
1296,0.167510238200063
1297,0.557788288137054
1298,0.98661738896538
1299,0.05281274667439
1300,0.20008923949634
1301,0.640198137582893
1302,0.921354894424931
1303,0.289832965771325
1304,0.82329868791232
1305,0.58189728578085
1306,0.973147009043461
1307,0.104525018142125
1308,0.374388794944181
1309,0.936863878475184
1310,0.236593891739312
1311,0.722450826801621
1312,0.802042467058135
1313,0.635065515338932
1314,0.927006050534258
1315,0.270656564645257
1316,0.789586614479873
1317,0.664541756897071
1318,0.891681748347877
1319,0.386331973503801
1320,0.948294611051863
1321,0.196122863613267
1322,0.630618978056997
1323,0.931731436417125
1324,0.254425506440141
1325,0.758753703134465
1326,0.732167779804694
1327,0.784372878270034
1328,0.676511351211055
1329,0.875353087200301
1330,0.43642932871082
1331,0.983810483130397
1332,0.0637080729108865
1333,0.238591452492035
1334,0.726644118601975
1335,0.794509910768185
1336,0.653039323446017
1337,0.906293204020193
1338,0.339694836884787
1339,0.897186588488951
1340,0.368962031416641
1341,0.931292920253108
1342,0.255939269116492
1343,0.761718395126468
1344,0.725995776261539
1345,0.795683743856867
1346,0.650268237362785
1347,0.909655085413843
1348,0.328722625707209
1349,0.882634177815363
1350,0.414353984761648
1351,0.970634773819161
1352,0.114008788397783
1353,0.404033037184954
1354,0.963137289158018
1355,0.142011855180312
1356,0.487365768225416
1357,0.999336520712246
1358,0.0026520900280484
1359,0.0105799612804814
1360,0.0418710559965699
1361,0.160467470878141
1362,0.53885717490629
1363,0.993935630821212
1364,0.0241097676617443
1365,0.0941115942114874
1366,0.341009882725634
1367,0.898866098222073
1368,0.36361425217283
1369,0.925572571265715
1370,0.275545057546492
1371,0.798459953234889
1372,0.643670533094479
1373,0.917412175803601
1374,0.303060725256067
1375,0.844838566761128
1376,0.524332342860237
1377,0.997606807570018
1378,0.00954962149339269
1379,0.0378327590482802
1380,0.145602125420161
1381,0.497596145758521
1382,0.999951886516994
1383,0.000192439861276587
1384,0.000769592072422699
1385,0.00307592230187901
1386,0.0122655373693869
1387,0.0484591643403119
1388,0.184438883839629
1389,0.601669685752286
1390,0.958629133668625
1391,0.15863330506969
1392,0.533861771491467
1393,0.995388636387796
1394,0.0183599367414679
1395,0.0720895955723223
1396,0.267564053861587
1397,0.783874526417868
1398,0.677644071478799
1399,0.873748491215355
1400,0.441237230050451
1401,0.986163092777739
1402,0.0545804243384123
1403,0.206400446329643
1404,0.65518082840806
1405,0.903653050087304
1406,0.348248154199351
1407,0.907862812046654
1408,0.334583341404927
1409,0.890527052504059
1410,0.389944736187843
1411,0.951527566845055
1412,0.184486813230298
1413,0.601790670754811
1414,0.958530673523208
1415,0.15899451079127
1416,0.534847653792426
1417,0.99511768553655
1418,0.0194334240279717
1419,0.0762211586574773
1420,0.281638933372193
1421,0.809253546480207
1422,0.617433539733258
1423,0.944813834046494
1424,0.208557398098127
1425,0.660228333065686
1426,0.897285092443838
1427,0.368649004832032
1428,0.930964389581931
1429,0.257072352679602
1430,0.763925534053689
1431,0.721355215566653
1432,0.803987373978908
1433,0.630350946677983
1434,0.932011221937544
1435,0.253458879849707
1436,0.756850982552547
1437,0.736091888289889
1438,0.777023055072831
1439,0.693015582009766
1440,0.850958665907215
1441,0.507299376497028
1442,0.999761881739108
1443,0.000952222436186531
1444,0.00380516770290335
1445,0.0151623745377844
1446,0.0597284144969477
1447,0.224638107901414
1448,0.696685895936709
1449,0.845237501892463
1450,0.523231188041479
1451,0.997816301577536
1452,0.00871550164166839
1453,0.0345573027370426
1454,0.133449045948775
1455,0.46255002829674
1456,0.994365138727738
1457,0.0224118781318559
1458,0.0876361524432498
1459,0.31981623330705
1460,0.870113487500341
1461,0.452052723880704
1462,0.990779464745088
1463,0.0365411543863993
1464,0.140820073100192
1465,0.483947021470984
1466,0.9989442332912
1467,0.00421850279662083
1468,0.0168024080523998
1469,0.0660786965354483
1470,0.246843038368258
1471,0.743627619954261
1472,0.762563266623409
1473,0.724224018027076
1474,0.7988743866002
1475,0.642680336727312
1476,0.918546321813372
1477,0.29926842408834
1478,0.838806367044642
1479,0.54082746157548
1480,0.993307640213373
1481,0.0265896236712443
1482,0.103527874075505
1483,0.371230132474309
1484,0.933649943037542
1485,0.247784712841455
1486,0.745531156949238
1487,0.758838832423578
1488,0.731991535072512
1489,0.784700092626031
1490,0.675766534449191
1491,0.876402590858349
1492,0.43327352627153
1493,0.982165756057285
1494,0.070062983124459
1495,0.260610130664491
1496,0.770750692589066
1497,0.706758580443919
1498,0.828982832562321
1499,0.5670670064875
1500,0.981983516361558
1501,0.070765790633995
1502,0.263025398240411
1503,0.775352768179725
1504,0.696705994137745
1505,0.845205876805939
1506,0.523318527184309
1507,0.99780003953519
1508,0.00878026304299086
1509,0.0348118097785446
1510,0.13439643071918
1511,0.465324487113486
1512,0.995165555463348
1513,0.0192438096234276
1514,0.0754920543098782
1515,0.279165036883406
1516,0.804907553069263
1517,0.62810983318685
1518,0.934328123776286
1519,0.245430187679796
1520,0.74075832319996
1521,0.768122515696794
1522,0.712423455274032
1523,0.8194846149702
1524,0.591703530231293
1525,0.966337691126219
1526,0.130113378424485
1527,0.452724230329088
1528,0.991035229907931
1529,0.0355367235167615
1530,0.137092031807339
1531,0.473179396708436
1532,0.997097692890782
1533,0.011575245502274
1534,0.0457638926494251
1535,0.17467386816011
1536,0.576637215477584
1537,0.976482536141649
1538,0.0918552745688141
1539,0.333663190622497
1540,0.889306030177865
1541,0.39375341538712
1542,0.954822781866066
1543,0.172540634758741
1544,0.571067179426756
1545,0.9797733290877
1546,0.0792682290291517
1547,0.291931809105245
1548,0.826809840988341
1549,0.572766991799918
1550,0.978795389121073
1551,0.0830178259280672
1552,0.304495853438327
1553,0.847091336895899
1554,0.518097462646884
1555,0.998664960134794
1556,0.00533289680930387
1557,0.0212172976379986
1558,0.083066418963365
1559,0.30465793937697
1560,0.847344733258259
1561,0.517393609947367
1562,0.998764879585762
1563,0.00493425620771131
1564,0.0196391463026195
1565,0.0770118755954719
1566,0.284317078346297
1567,0.813903161139959
1568,0.605844075224821
1569,0.955164247256036
1570,0.171297749528584
1571,0.567805126657053
1572,0.981585318949604
1573,0.0723005147307751
1574,0.26828589388673
1575,0.785214661255211
1576,0.674593522760601
1577,0.878046455529993
1578,0.428312801757089
1579,0.979419296337765
1580,0.0806265374821778
1581,0.296496183153357
1582,0.83432392749574
1583,0.552896223264143
1584,0.988783238058603
1585,0.0443626756771687
1586,0.169574275272856
1587,0.563261279870123
1588,0.983967442075729
1589,0.0631004824912019
1590,0.236469334521157
1591,0.722188298250278
1592,0.802509377246569
1593,0.633936457903903
1594,0.928220894874099
1595,0.266500798086383
1596,0.781892943010545
1597,0.682128421086546
1598,0.867295270006264
1599,0.46036522910564
1600,0.993691496836113
1601,0.0250741969362781
1602,0.0977794817889569
1603,0.352865797054687
1604,0.913383270141957
1605,0.31644917643977
1606,0.865214749771928
1607,0.466461084377456
1608,0.995475677041342
1609,0.0180149634563508
1610,0.0707599291496138
1611,0.263005271009264
1612,0.775314610372587
1613,0.69679004107503
1614,0.845073591566778
1615,0.523683773191177
1616,0.997731371641827
1617,0.00905370038601445
1618,0.0358860264082494
1619,0.138389418245552
1620,0.476939224874121
1621,0.997847855782309
1622,0.00858983522057863
1623,0.0340633482008526
1624,0.131608855737149
1625,0.457140430518347
1626,0.992627412909659
1627,0.0292721963765406
1628,0.113658498049846
1629,0.402950901459208
1630,0.962301831742432
1631,0.145104437768733
1632,0.49618415472022
1633,0.999916758755271
1634,0.000332928939066135
1635,0.00133123910774093
1636,0.0053177346940248
1637,0.0211572966213559
1638,0.0828365907175852
1639,0.303891162354494
1640,0.846144141056935
1641,0.520723916024465
1642,0.998257120166513
1643,0.00695919482927167
1644,0.027642366669956
1645,0.107510377112735
1646,0.383797988513658
1647,0.945964720396859
1648,0.204456761098588
1649,0.650600510339258
1650,0.909255213193591
1651,0.330032430878425
1652,0.884421990685066
1653,0.408868710337616
1654,0.966756182669078
1655,0.128551449894167
1656,0.448092695899634
1657,0.98919779656095
1658,0.0427409948080599
1659,0.163652717263292
1660,0.547468334531993
1661,0.990962254191314
1662,0.0358233642310397
1663,0.138156749219759
1664,0.476265940512964
1665,0.997721834011621
1666,0.00909167649483717
1667,0.0360351707516102
1668,0.138943075218328
1669,0.478539624479101
1670,0.99813285518478
1671,0.00745444797597829
1672,0.0295947768374887
1673,0.11487283219311
1674,0.406698090761712
1675,0.965154885454588
1676,0.134520367057663
1677,0.465686909153549
1678,0.995265564925073
1679,0.0188476095957728
1680,0.0739676595954716
1681,0.273978930073267
1682,0.795638012349105
1683,0.650376402800517
1684,0.909525011229359
1685,0.329148831783855
1686,0.883217432288883
1687,0.412567283919703
1688,0.969397845083273
1689,0.118659685558416
1690,0.418307800369916
1691,0.973281205439942
1692,0.104017001819204
1693,0.372780540860477
1694,0.935237455344067
1695,0.242267373026739
1696,0.734277214584547
1697,0.780437235487351
1698,0.685402692313152
1699,0.86248180414797
1700,0.474415905952365
1701,0.997356881981634
1702,0.0105442641688335
1703,0.0417312873396193
1704,0.15995514900769
1705,0.53746456030454
1706,0.994360767244078
1707,0.0224291664962058
1708,0.0877022033360663
1709,0.320034106411576
1710,0.870427347351965
1711,0.451123042977113
1712,0.990419411184424
1713,0.0379542556539776
1714,0.146051269153907
1715,0.498868711700168
1716,0.999969880875112
1717,0.000120469859083649
1718,0.000481809338852196
1719,0.0019262606367329
1720,0.00769000837175344
1721,0.0305227254847689
1722,0.11836139574613
1723,0.417397467775058
1724,0.972682968997942
1725,0.106280586196079
1726,0.379930594273269
1727,0.942309792899938
1728,0.217442752214545
1729,0.680628590755463
1730,0.869471511475561
1731,0.453951859751636
1732,0.99149348716179
1733,0.0337357648949649
1734,0.13038739248136
1735,0.453534742801051
1736,0.991339135395755
1737,0.0343425575288052
1738,0.132649268770117
1739,0.460202255715454
1740,0.993639716585492
1741,0.0252786888545579
1742,0.0985562430097348
1743,0.355362755603166
1744,0.916297362126409
1745,0.306778355495745
1746,0.850640317840676
1747,0.508192764881608
1748,0.999706521126518
1749,0.00117354163525545
1750,0.00468854052469957
1751,0.01866576579398
1752,0.0732675881897191
1753,0.271591004897452
1754,0.791297540891882
1755,0.660566456107103
1756,0.896851230851506
1757,0.370027151376521
1758,0.932404923776931
1759,0.252097624975678
1760,0.754158795387955
1761,0.741594686577102
1762,0.766508866470106
1763,0.715874199068867
1764,0.813572980872484
1765,0.606672775468413
1766,0.954459813803564
1767,0.173860763922754
1768,0.574518431443933
1769,0.977763568800206
1770,0.0869657151119315
1771,0.317602777760057
1772,0.866903340151279
1773,0.461516217749441
1774,0.994051142114916
1775,0.0236532845528909
1776,0.0923729173503354
1777,0.335352261945945
1778,0.891542200302498
1779,0.386769152058577
1780,0.948691382420358
1781,0.194699305762497
1782,0.627150265243785
1783,0.935307856912735
1784,0.242022228133196
1785,0.733771532143635
1786,0.781383947949795
1787,0.683275213037365
1788,0.865619144124804
1789,0.465278933533637
1790,0.995152910728999
1791,0.0192938976268996
1792,0.075684680400735
1793,0.279819042562539
1794,0.806061231893094
1795,0.625290456676094
1796,0.937185775633437
1797,0.235468503475402
1798,0.720074347077093
1799,0.806248970306189
1800,0.624830651588776
1801,0.937645791964844
1802,0.233858796485781
1803,0.716657522282033
1804,0.812217766202638
1805,0.610065013863093
1806,0.951518982323997
1807,0.18451782134355
1808,0.601868932701223
1809,0.958466919929199
1810,0.159228352514199
1811,0.535485349610825
1812,0.994938285772994
1813,0.0201438694950345
1814,0.0789504022578044
1815,0.290861673240917
1816,0.825024015005616
1817,0.57742312273955
1818,0.97599823969502
1819,0.0937003606613889
1820,0.339673920232951
1821,0.897159763031305
1822,0.369047264103409
1823,0.931382238706695
1824,0.255631065577189
1825,0.76111626717385
1826,0.727254998239276
1827,0.793400827584489
1828,0.655647425895511
1829,0.903072937860524
1830,0.350120073837268
1831,0.910121277333042
1832,0.327193971461067
1833,0.880530292194756
1834,0.420776267219021
1835,0.974870028296976
1836,0.097991375055296
1837,0.353547422973726
1838,0.914183715565185
1839,0.313799553857495
1840,0.861296042485943
1841,0.477848732219015
1842,0.998012334410647
1843,0.00793466072795604
1844,0.0314860203781644
1845,0.121975554130551
1846,0.428379363548551
1847,0.979457450688714
1848,0.080480199861019
1849,0.296005148851669
1850,0.83352356420981
1851,0.555034252263927
1852,0.987860227187894
1853,0.0479683956728329
1854,0.182665148014761
1855,0.597179437002854
1856,0.962200572479531
1857,0.145478886135296
1858,0.497246687818536
1859,0.999944677846198
1860,0.000221270841134518
1861,0.000884865399209493
1862,0.00353624124149786
1863,0.0140945925838952
1864,0.0555823505816525
1865,0.209966562246594
1866,0.663505831879267
1867,0.893041045181581
1868,0.382065395336601
1869,0.944342106948649
1870,0.210235111960543
1871,0.664128635006957
1872,0.892224858503895
1873,0.384629025520361
1874,0.94673448403665
1875,0.201708160259957
1876,0.644071811180167
1877,0.916950328561742
1878,0.304602078806669
1879,0.84725742760806
1880,0.517636174656233
1881,0.998730892477445
1882,0.0050698608049161
1883,0.0201761248496079
1884,0.07907421843776
1885,0.291278663516228
1886,0.825720971245342
1887,0.575609004979074
1888,0.977108685136461
1889,0.0894669735391738
1890,0.32584239047624
1891,0.878654541267173
1892,0.426472291437148
1893,0.978350244926378
1894,0.0847220546111796
1895,0.310169157871752
1896,0.855835609082384
1897,0.493511739133946
1898,0.999806614093489
1899,0.000773374698758126
1900,0.00309102908367475
1901,0.0123255903440522
1902,0.0486934632998747
1903,0.185285007485961
1904,0.603802798500204
1905,0.956875993596202
1906,0.165053179469286
1907,0.551228728602721
1908,0.989477731901258
1909,0.0416451587362018
1910,0.159639366876205
1911,0.536605142214334
1912,0.994615388247517
1913,0.0214219352732606
1914,0.083850047546039
1915,0.307269186368557
1916,0.8513980484245
1917,0.506064994312656
1918,0.999827867054365
1919,0.000688396053203213
1920,0.00275161986409218
1921,0.0109759194040176
1922,0.0434207088441568
1923,0.166137250015422
1924,0.554128803124524
1925,0.988255583681959
1926,0.0464247793650596
1927,0.177073649951938
1928,0.582859717921301
1929,0.972512755157295
1930,0.106924111685028
1931,0.38195583496698
1932,0.944238693849118
1933,0.210602666350629
1934,0.66498010818821
1935,0.891103977452436
1936,0.388141011515657
1937,0.949926518024369
1938,0.190259756901032
1939,0.616228521121788
1940,0.94594007441828
1941,0.204544686366271
1942,0.650808359966615
1943,0.909004628572863
1944,0.330852583702518
1945,0.88553446732439
1946,0.405442561702146
1947,0.964211457561104
1948,0.138027439903716
1949,0.475891565362794
1950,0.997650191639036
1951,0.00937691261784544
1952,0.0371550156117982
1953,0.143094504254698
1954,0.490461606580491
1955,0.999611085301993
1956,0.00155501489711238
1957,0.00621023204344596
1958,0.0246860430791439
1959,0.0963041617607188
1960,0.348109977786117
1961,0.90769499166535
1962,0.335130796604584
1963,0.891250301272467
1964,0.387683114696641
1965,0.94951593061128
1966,0.191736918963886
1967,0.619879994093202
1968,0.942491585186154
1969,0.216799368038075
1970,0.679172628485259
1971,0.871566887089813
1972,0.447740999868702
1973,0.989051260721417
1974,0.0433143746607299
1975,0.165748814609959
1976,0.553090752646902
1977,0.988700769796344
1978,0.0446851132460847
1979,0.170749146765687
1980,0.566361343190344
1981,0.982360128902681
1982,0.0693130913093531
1983,0.258028695851309
1984,0.765780406885531
1985,0.717425165185515
1986,0.810884917546451
1987,0.613386937111741
1988,0.948549895629423
1989,0.195207084224222
1990,0.62838940384375
1991,0.934041292306488
1992,0.246426465475998
1993,0.74278328030976
1994,0.76420600958025
1995,0.720762718488274
1996,0.805035162120456
1997,0.627798504125601
1998,0.934646802618801
1999,0.244322519677317
2000,0.73849764132077
